{"cameraMode":{"drawMode":0,"name":"Shaded","section":"Shading Mode"},"sceneLighting":true,"audioPlay":false,"sceneViewState":{"showFog":true,"showMaterialUpdate":false,"showSkybox":true,"showFlares":true,"showImageEffects":true,"showParticleSystems":true},"in2DMode":false,"pivot":{"x":-36.68058776855469,"y":22.174518585205079,"z":-0.4165893495082855},"rotation":{"x":0.2780773937702179,"y":0.5451214909553528,"z":-0.19792574644088746,"w":0.765783965587616},"size":1.2990410327911378,"orthographic":false}