{"cameraMode":{"drawMode":0,"name":"Shaded","section":"Shading Mode"},"sceneLighting":true,"audioPlay":false,"sceneViewState":{"showFog":true,"showMaterialUpdate":false,"showSkybox":true,"showFlares":true,"showImageEffects":true,"showParticleSystems":true},"in2DMode":false,"pivot":{"x":1.3200000524520875,"y":0.9850000143051148,"z":2.5299999713897707},"rotation":{"x":-0.25801825523376467,"y":0.15137113630771638,"z":-0.040987491607666019,"w":-0.9533722996711731},"size":2.7990410327911379,"orthographic":false}