{"cameraMode":{"drawMode":0,"name":"Shaded","section":"Shading Mode"},"sceneLighting":false,"audioPlay":false,"sceneViewState":{"showFog":true,"showMaterialUpdate":false,"showSkybox":false,"showFlares":true,"showImageEffects":true,"showParticleSystems":true},"in2DMode":false,"pivot":{"x":1.605758786201477,"y":1.2209608554840088,"z":-0.9053473472595215},"rotation":{"x":-0.00881715677678585,"y":0.9842807650566101,"z":-0.16876548528671266,"w":-0.05142488703131676},"size":3.7654221057891847,"orthographic":false}